{"cameraMode":{"drawMode":0,"name":"Shaded","section":"Shading Mode"},"sceneLighting":true,"audioPlay":false,"sceneViewState":{"showFog":true,"showMaterialUpdate":true,"showSkybox":true,"showFlares":true,"showImageEffects":true,"showParticleSystems":true},"in2DMode":false,"pivot":{"x":-5.250190734863281,"y":-6.6076507568359379,"z":39.650604248046878},"rotation":{"x":0.2564775049686432,"y":0.21298879384994508,"z":-0.05805755406618118,"w":0.9410072565078735},"size":15.48200511932373,"orthographic":false}