{"cameraMode":{"drawMode":0,"name":"Shaded","section":"Shading Mode"},"sceneLighting":true,"audioPlay":false,"sceneViewState":{"showFog":true,"showMaterialUpdate":false,"showSkybox":true,"showFlares":true,"showImageEffects":true,"showParticleSystems":true},"in2DMode":false,"pivot":{"x":-15.848624229431153,"y":2.8550472259521486,"z":19.217937469482423},"rotation":{"x":0.1981090009212494,"y":-0.5323618650436401,"z":0.12976102530956269,"w":0.812717854976654},"size":4.8373637199401859,"orthographic":false}