{"cameraMode":{"drawMode":0,"name":"Shaded","section":"Shading Mode"},"sceneLighting":true,"audioPlay":false,"sceneViewState":{"showFog":true,"showMaterialUpdate":true,"showSkybox":true,"showFlares":true,"showImageEffects":true,"showParticleSystems":true},"in2DMode":false,"pivot":{"x":-8.08953857421875,"y":-5.9080657958984379,"z":41.249210357666019},"rotation":{"x":0.24786832928657533,"y":0.16097509860992433,"z":-0.04181230813264847,"w":0.9544163346290588},"size":17.087488174438478,"orthographic":false}