{"cameraMode":{"drawMode":0,"name":"Shaded","section":"Shading Mode"},"sceneLighting":true,"audioPlay":false,"sceneViewState":{"showFog":true,"showMaterialUpdate":true,"showSkybox":true,"showFlares":true,"showImageEffects":true,"showParticleSystems":true},"in2DMode":false,"pivot":{"x":-7.589961528778076,"y":-4.536304473876953,"z":40.68408966064453},"rotation":{"x":0.2677190899848938,"y":0.08426059037446976,"z":-0.023515308275818826,"w":0.9595219492912293},"size":20.30730438232422,"orthographic":false}