{"cameraMode":{"drawMode":0,"name":"Shaded","section":"Shading Mode"},"sceneLighting":false,"audioPlay":false,"sceneViewState":{"showFog":true,"showMaterialUpdate":true,"showSkybox":false,"showFlares":true,"showImageEffects":true,"showParticleSystems":true},"in2DMode":false,"pivot":{"x":-0.5478273630142212,"y":0.321347713470459,"z":-0.19425630569458009},"rotation":{"x":0.3828074634075165,"y":0.055922944098711017,"z":-0.023228103294968606,"w":0.9218470454216003},"size":3.756469488143921,"orthographic":false}